Name,Salary,AvgPointsPerGame,Points/Minutes,Tm,MP,FG,FGA,FG%,3P,3PA,3P%,2P,2PA,2P%,eFG%,FT,FTA,FT%,ORB,DRB,TRB,AST,STL,BLK,TOV,PF,PTS,Pos_y
Russell Westbrook,11000.0,56.12,1.5417582417582418,WAS,36.4,8.4,19.0,.439,1.3,4.2,.315,7.0,14.8,.475,.474,4.2,6.4,.656,1.7,9.9,11.5,11.7,1.4,0.4,4.8,2.9,22.2,PG
Giannis Antetokounmpo,10600.0,56.7,1.7181818181818183,MIL,33.0,10.3,18.0,.569,1.1,3.6,.303,9.2,14.4,.636,.600,6.5,9.5,.685,1.6,9.4,11.0,5.9,1.2,1.2,3.4,2.8,28.1,PF
Jimmy Butler,9600.0,46.23,1.375892857142857,MIA,33.6,7.0,14.2,.497,0.5,2.0,.245,6.6,12.2,.538,.514,6.9,8.0,.863,1.8,5.1,6.9,7.1,2.1,0.3,2.1,1.4,21.5,SF
Domantas Sabonis,9400.0,46.95,1.3041666666666667,IND,36.0,7.8,14.6,.535,0.8,2.6,.321,7.0,12.0,.582,.564,3.9,5.3,.732,2.4,9.5,12.0,6.7,1.2,0.5,3.4,3.3,20.3,PF
Bradley Beal,9200.0,46.72,1.305027932960894,WAS,35.8,11.2,23.0,.485,2.2,6.2,.349,9.0,16.8,.535,.532,6.8,7.7,.889,1.2,3.5,4.7,4.4,1.2,0.4,3.1,2.3,31.3,SG
Devin Booker,8800.0,39.09,1.1530973451327435,PHO,33.9,9.3,19.2,.484,1.9,5.5,.340,7.4,13.7,.543,.533,5.1,5.9,.867,0.5,3.7,4.2,4.3,0.8,0.2,3.1,2.7,25.6,SG
Christian Wood,8600.0,40.14,1.2427244582043344,HOU,32.3,8.0,15.6,.514,1.9,5.0,.374,6.1,10.6,.581,.574,3.0,4.8,.631,1.9,7.8,9.6,1.7,0.8,1.2,2.0,2.1,21.0,C
Jrue Holiday,8300.0,35.51,1.0993808049535605,MIL,32.3,7.0,13.9,.503,1.9,4.8,.392,5.1,9.2,.561,.570,1.8,2.3,.787,1.2,3.3,4.5,6.1,1.6,0.6,2.2,1.7,17.7,PG
Khris Middleton,8200.0,38.65,1.157185628742515,MIL,33.4,7.5,15.8,.476,2.2,5.4,.414,5.3,10.4,.508,.546,3.1,3.5,.898,0.8,5.2,6.0,5.4,1.1,0.1,2.6,2.4,20.4,SF
Bam Adebayo,8100.0,42.28,1.262089552238806,MIA,33.5,7.1,12.5,.570,0.0,0.1,.250,7.1,12.4,.573,.571,4.4,5.5,.799,2.2,6.7,9.0,5.4,1.2,1.0,2.6,2.3,18.7,C
DeMar DeRozan,8000.0,39.35,1.1676557863501482,SAS,33.7,7.5,15.1,.495,0.3,1.2,.257,7.1,13.9,.515,.505,6.3,7.2,.880,0.7,3.6,4.2,6.9,0.9,0.2,2.0,2.1,21.6,PF
John Wall,7900.0,38.05,1.1816770186335401,HOU,32.2,7.3,18.2,.404,2.0,6.2,.317,5.4,11.9,.449,.458,4.0,5.3,.749,0.4,2.8,3.2,6.9,1.1,0.8,3.5,1.2,20.6,PG
Chris Paul,7900.0,37.81,1.2041401273885353,PHO,31.4,6.3,12.6,.499,1.5,3.7,.395,4.8,8.9,.543,.557,2.4,2.6,.934,0.4,4.1,4.5,8.9,1.4,0.3,2.2,2.4,16.4,PG
Shai Gilgeous-Alexander,7800.0,41.0,1.2166172106824924,OKC,33.7,8.2,16.1,.508,2.0,4.9,.418,6.2,11.3,.547,.571,5.3,6.5,.808,0.5,4.2,4.7,5.9,0.8,0.7,3.0,2.0,23.7,SG
Malcolm Brogdon,7600.0,39.36,1.1408695652173912,IND,34.5,7.9,17.5,.453,2.6,6.7,.388,5.3,10.8,.493,.527,2.7,3.2,.864,1.0,4.2,5.3,5.9,0.9,0.3,2.1,2.0,21.2,PG
Caris LeVert,7500.0,35.0,1.1075949367088607,TOT,31.6,7.6,17.3,.441,1.8,5.5,.326,5.9,11.8,.495,.493,3.1,3.8,.811,0.7,3.9,4.6,5.2,1.4,0.6,2.2,2.2,20.2,SG
Dejounte Murray,7300.0,35.77,1.1213166144200628,SAS,31.9,6.6,14.5,.453,0.9,3.0,.317,5.6,11.6,.488,.485,1.6,2.0,.791,0.9,6.2,7.1,5.4,1.5,0.1,1.7,2.0,15.7,PG
Luguentz Dort,7000.0,23.91,0.8050505050505051,OKC,29.7,4.8,12.3,.387,2.2,6.3,.343,2.6,6.0,.432,.475,2.3,3.2,.744,0.7,2.9,3.6,1.7,0.9,0.4,1.5,2.6,14.0,SG
Kevin Porter Jr.,7000.0,31.48,0.9806853582554517,HOU,32.1,6.0,14.1,.425,1.9,6.2,.311,4.1,7.9,.515,.493,2.7,3.6,.734,0.8,3.0,3.8,6.3,0.7,0.3,3.5,2.3,16.6,SG
Victor Oladipo,6900.0,36.24,1.108256880733945,TOT,32.7,7.1,17.5,.408,2.4,7.2,.326,4.8,10.2,.466,.476,3.2,4.2,.754,0.4,4.5,4.8,4.6,1.4,0.4,2.5,2.5,19.8,SG
Deandre Ayton,6800.0,33.91,1.1045602605863192,PHO,30.7,6.2,10.0,.626,0.1,0.3,.200,6.2,9.7,.639,.629,1.9,2.5,.769,3.3,7.2,10.5,1.4,0.6,1.2,1.5,2.8,14.4,C
Jae'Sean Tate,6600.0,24.57,0.8414383561643836,HOU,29.2,4.5,8.9,.506,0.9,2.8,.308,3.7,6.1,.595,.554,1.5,2.1,.694,1.9,3.5,5.3,2.5,1.2,0.5,1.4,3.2,11.3,SF
Derrick White,6500.0,27.13,0.916554054054054,SAS,29.6,5.2,12.6,.411,2.3,6.8,.346,2.8,5.8,.486,.503,2.7,3.2,.851,0.4,2.6,3.0,3.5,0.7,1.0,1.3,2.5,15.4,SG
Darius Bazley,6400.0,26.15,0.8381410256410257,OKC,31.2,5.0,12.5,.396,1.5,5.2,.290,3.5,7.3,.470,.456,2.3,3.2,.702,0.9,6.3,7.2,1.8,0.5,0.5,2.2,1.1,13.7,PF
Moses Brown,6200.0,23.04,1.0766355140186916,OKC,21.4,3.4,6.2,.545,0.0,0.0,0,3.4,6.2,.545,.545,1.8,2.9,.619,3.6,5.3,8.9,0.2,0.7,1.1,1.0,2.2,8.6,C
Jakob Poeltl,6200.0,25.14,0.9415730337078653,SAS,26.7,3.8,6.2,.616,0.0,0.0,0,3.8,6.2,.616,.616,0.9,1.8,.508,3.2,4.8,7.9,1.9,0.7,1.8,1.2,2.5,8.6,C
Myles Turner,6100.0,30.98,0.9993548387096775,IND,31.0,4.4,9.2,.477,1.5,4.4,.335,2.9,4.8,.606,.557,2.4,3.0,.782,1.3,5.2,6.5,1.0,0.9,3.4,1.4,3.5,12.6,C
Al Horford,5900.0,31.82,1.1405017921146954,OKC,27.9,5.8,12.9,.450,2.0,5.4,.368,3.8,7.4,.510,.528,0.6,0.8,.818,1.0,5.7,6.7,3.4,0.9,0.9,1.0,1.7,14.2,C
Rui Hachimura,5900.0,24.53,0.7787301587301587,WAS,31.5,5.4,11.4,.478,0.8,2.4,.328,4.6,9.0,.519,.513,2.2,2.8,.770,0.9,4.6,5.5,1.4,0.8,0.1,1.2,2.1,13.8,PF
Donte DiVincenzo,5900.0,25.37,0.9225454545454546,MIL,27.5,3.8,9.1,.420,2.0,5.2,.379,1.8,3.9,.475,.528,0.8,1.1,.718,1.2,4.5,5.8,3.1,1.1,0.2,1.4,1.7,10.4,SG
Theo Maledon,5600.0,20.8,0.759124087591241,OKC,27.4,3.5,9.4,.368,1.6,4.8,.335,1.9,4.6,.402,.454,1.6,2.1,.748,0.4,2.9,3.2,3.5,0.9,0.2,2.2,1.9,10.1,PG
Bobby Portis,5600.0,24.6,1.1826923076923077,MIL,20.8,4.7,9.1,.523,1.1,2.4,.471,3.6,6.7,.542,.585,0.8,1.1,.740,1.9,5.2,7.1,1.1,0.8,0.4,0.8,1.7,11.4,C
Aleksej Pokusevski,5500.0,19.56,0.8082644628099174,OKC,24.2,3.1,9.1,.341,1.3,4.6,.280,1.8,4.5,.403,.412,0.7,0.9,.738,0.7,4.0,4.7,2.2,0.4,0.9,2.2,1.3,8.2,PF
Eric Gordon,5500.0,26.78,0.917123287671233,HOU,29.2,5.9,13.6,.433,2.6,7.8,.329,3.3,5.8,.573,.527,3.5,4.2,.825,0.3,1.9,2.1,2.6,0.5,0.5,1.9,1.6,17.8,SG
Tyler Herro,5400.0,28.31,0.9343234323432342,MIA,30.3,5.7,12.9,.439,2.0,5.5,.360,3.7,7.4,.498,.516,1.7,2.2,.803,0.5,4.5,5.0,3.4,0.6,0.3,1.9,1.3,15.1,SG
T.J. McConnell,5400.0,25.98,0.9992307692307693,IND,26.0,4.0,7.1,.559,0.2,0.7,.313,3.8,6.4,.586,.574,0.5,0.7,.688,0.8,2.9,3.7,6.6,1.9,0.3,2.0,1.6,8.6,PG
Trevor Ariza,5200.0,19.45,0.6946428571428571,MIA,28.0,3.3,8.0,.411,1.7,4.8,.350,1.6,3.3,.500,.515,1.1,1.5,.773,0.9,3.9,4.8,1.8,1.0,0.6,0.7,1.8,9.4,SF
Keldon Johnson,5000.0,25.55,0.8964912280701754,SAS,28.5,4.9,10.2,.479,0.9,2.6,.331,4.0,7.6,.531,.522,2.1,2.8,.740,1.3,4.6,6.0,1.8,0.6,0.3,1.1,2.1,12.8,SF
Brook Lopez,5000.0,23.57,0.8665441176470589,MIL,27.2,4.6,9.1,.503,1.4,4.0,.338,3.2,5.1,.632,.577,1.7,2.0,.845,1.5,3.5,5.0,0.7,0.6,1.5,0.9,2.1,12.3,C
Duncan Robinson,4900.0,22.9,0.7292993630573248,MIA,31.4,4.4,10.0,.439,3.5,8.5,.408,0.9,1.4,.625,.614,0.9,1.0,.827,0.1,3.4,3.5,1.8,0.6,0.3,1.1,2.5,13.1,SF
Kenrich Williams,4800.0,17.56,0.8129629629629629,OKC,21.6,3.3,6.2,.533,0.8,1.8,.444,2.5,4.5,.568,.596,0.5,1.0,.571,1.3,2.9,4.1,2.3,0.8,0.3,1.2,2.2,8.0,PF
Isaiah Roby,4800.0,21.17,0.9047008547008548,OKC,23.4,3.4,7.0,.483,0.5,1.8,.294,2.9,5.2,.547,.520,1.4,1.9,.744,1.5,4.1,5.6,1.8,0.9,0.6,1.9,2.7,8.7,PF
Goran Dragic,4800.0,25.4,0.951310861423221,MIA,26.7,4.8,11.1,.432,1.8,4.9,.373,3.0,6.2,.479,.514,2.0,2.4,.828,0.5,2.9,3.4,4.4,0.7,0.2,2.4,2.3,13.4,PG
Danuel House Jr.,4800.0,19.44,0.7505791505791507,HOU,25.9,3.1,7.6,.404,1.5,4.3,.346,1.6,3.2,.483,.504,1.1,1.8,.651,0.5,3.2,3.7,1.9,0.6,0.4,1.0,1.9,8.8,SF
Mikal Bridges,4800.0,25.79,0.7911042944785276,PHO,32.6,5.0,9.3,.543,1.9,4.4,.425,3.2,4.9,.647,.643,1.5,1.8,.840,1.1,3.2,4.3,2.1,1.1,0.9,0.8,1.6,13.5,SF
Thomas Bryant,4700.0,26.62,0.9822878228782288,WAS,27.1,5.9,9.1,.648,0.9,2.1,.429,5.0,7.0,.714,.698,1.6,2.4,.667,1.8,4.3,6.1,1.5,0.4,0.8,1.1,3.1,14.3,C
Rudy Gay,4700.0,22.53,1.0430555555555556,SAS,21.6,4.2,10.0,.420,1.7,4.4,.381,2.5,5.6,.451,.505,1.3,1.6,.804,0.7,4.1,4.8,1.4,0.7,0.6,1.0,1.8,11.4,PF
Deni Avdija,4600.0,16.26,0.6978540772532189,WAS,23.3,2.4,5.8,.417,1.0,3.1,.315,1.4,2.7,.535,.502,0.5,0.8,.644,0.4,4.4,4.9,1.2,0.6,0.3,0.6,2.6,6.3,SF
Jae Crowder,4400.0,22.39,0.8141818181818182,PHO,27.5,3.3,8.2,.404,2.5,6.3,.389,0.9,1.9,.455,.555,1.0,1.3,.760,0.5,4.2,4.7,2.1,0.8,0.5,0.9,2.1,10.1,PF
Davis Bertans,4300.0,19.17,0.7459143968871597,WAS,25.7,3.4,8.4,.404,3.0,7.5,.395,0.4,0.9,.480,.581,1.8,2.0,.870,0.3,2.6,2.9,0.9,0.6,0.2,0.6,2.4,11.5,PF
Tony Bradley,4300.0,17.44,1.0699386503067485,TOT,16.3,3.1,4.7,.665,0.0,0.1,.000,3.1,4.6,.675,.665,0.9,1.3,.691,2.0,3.7,5.7,0.9,0.4,0.7,0.8,1.5,7.1,C
Sterling Brown,4300.0,18.28,0.75850622406639,HOU,24.1,2.9,6.6,.448,1.8,4.2,.423,1.2,2.4,.492,.584,0.5,0.6,.806,0.7,3.6,4.4,1.4,0.7,0.2,0.8,1.9,8.2,SG
Kendrick Nunn,4300.0,24.06,0.815593220338983,MIA,29.5,5.7,11.8,.485,2.2,5.7,.381,3.5,6.0,.583,.578,1.0,1.1,.933,0.4,2.8,3.2,2.6,0.9,0.3,1.4,1.9,14.6,PG
Jeremy Lamb,4300.0,20.42,0.9586854460093898,IND,21.3,3.3,7.7,.435,1.4,3.6,.406,1.9,4.1,.459,.529,2.0,2.1,.947,0.7,2.9,3.6,1.5,0.9,0.6,0.6,2.0,10.1,SG
Bryn Forbes,4300.0,13.82,0.7160621761658031,MIL,19.3,3.6,7.6,.473,2.2,4.9,.452,1.4,2.7,.511,.618,0.7,0.9,.770,0.2,1.4,1.6,0.6,0.3,0.0,0.6,1.1,10.0,SG
Drew Eubanks,4200.0,14.07,1.0050000000000001,SAS,14.0,2.1,3.8,.566,0.0,0.0,1.000,2.1,3.8,.562,.571,1.4,2.0,.726,1.4,3.1,4.5,0.8,0.3,0.9,0.8,1.6,5.8,C
Svi Mykhailiuk,4100.0,15.16,0.754228855721393,TOT,20.1,3.2,7.7,.411,1.6,4.8,.334,1.6,2.9,.536,.515,0.6,0.8,.760,0.4,2.1,2.5,1.7,0.8,0.2,1.3,1.0,8.5,SG
Justin Holiday,4100.0,21.62,0.7135313531353136,IND,30.3,3.6,8.7,.413,2.4,6.3,.382,1.2,2.4,.494,.551,0.9,1.2,.788,0.4,3.1,3.6,1.7,1.0,0.6,0.8,1.9,10.5,SG
Doug McDermott,4100.0,20.82,0.8497959183673469,IND,24.5,5.4,10.1,.532,1.7,4.3,.388,3.7,5.7,.641,.616,1.2,1.5,.816,0.9,2.4,3.3,1.3,0.3,0.1,0.8,1.8,13.6,PF
Lonnie Walker IV,4000.0,18.97,0.7468503937007874,SAS,25.4,4.3,10.2,.420,1.7,4.7,.355,2.6,5.5,.477,.502,1.0,1.2,.814,0.2,2.4,2.6,1.7,0.5,0.3,1.1,1.7,11.2,SG
Pat Connaughton,4000.0,17.51,0.7679824561403509,MIL,22.8,2.4,5.6,.434,1.5,3.9,.371,1.0,1.7,.583,.565,0.4,0.6,.775,0.9,3.9,4.8,1.2,0.7,0.3,0.5,1.4,6.8,SG
Cameron Payne,4000.0,17.41,0.9672222222222222,PHO,18.0,3.2,6.6,.484,1.2,2.8,.440,2.0,3.8,.515,.576,0.8,0.9,.893,0.3,2.1,2.4,3.6,0.6,0.3,1.0,1.6,8.4,PG
Ty Jerome,3900.0,20.73,0.8673640167364017,OKC,23.9,3.9,8.7,.446,2.2,5.1,.423,1.7,3.6,.479,.570,0.8,1.0,.765,0.3,2.5,2.8,3.6,0.6,0.2,1.4,1.8,10.7,SG
KJ Martin Jr.,3900.0,16.35,0.6898734177215191,HOU,23.7,3.6,7.1,.509,0.8,2.1,.365,2.8,4.9,.572,.564,1.3,1.9,.714,1.6,3.8,5.4,1.1,0.7,0.9,0.8,2.0,9.3,SF
Goga Bitadze,3900.0,12.67,1.0136,IND,12.5,1.8,4.3,.428,0.4,1.8,.253,1.4,2.6,.548,.479,1.0,1.4,.738,1.3,2.0,3.3,0.8,0.2,1.3,0.4,2.1,5.1,C
Ish Smith,3800.0,18.2,0.8666666666666666,WAS,21.0,2.9,6.8,.434,0.4,1.1,.367,2.5,5.6,.448,.465,0.4,0.8,.576,0.5,2.9,3.4,3.9,0.7,0.3,0.9,1.4,6.7,PG
Avery Bradley,3700.0,14.04,0.6295964125560538,TOT,22.3,2.4,6.3,.374,1.2,3.7,.327,1.1,2.6,.443,.471,0.4,0.6,.800,0.3,1.8,2.1,1.7,0.8,0.1,1.0,2.0,6.4,SG
Cameron Johnson,3700.0,18.48,0.77,PHO,24.0,3.4,8.1,.420,2.0,5.6,.349,1.4,2.5,.581,.541,0.8,1.0,.847,0.6,2.8,3.3,1.4,0.6,0.3,0.7,1.4,9.6,PF
D.J. Augustin,3600.0,15.76,0.7959595959595959,TOT,19.8,2.4,6.0,.394,1.5,3.8,.382,0.9,2.2,.413,.515,1.5,1.6,.904,0.4,1.3,1.6,3.3,0.5,0.0,1.1,1.0,7.7,PG
Jordan Nwora,3600.0,9.79,1.0758241758241758,MIL,9.1,2.1,4.5,.459,0.9,2.1,.452,1.1,2.4,.466,.563,0.6,0.8,.760,0.3,1.7,2.0,0.2,0.5,0.2,0.8,0.7,5.7,SF
Robin Lopez,3500.0,16.38,0.8575916230366492,WAS,19.1,3.8,6.0,.633,0.1,0.3,.278,3.7,5.7,.649,.639,1.4,1.9,.723,2.0,1.8,3.8,0.8,0.2,0.6,1.1,1.5,9.0,C
Armoni Brooks,3500.0,13.85,0.5326923076923077,HOU,26.0,3.9,9.6,.406,3.0,7.9,.382,0.9,1.8,.514,.563,0.4,0.6,.583,0.5,2.9,3.4,1.5,0.6,0.3,1.1,1.7,11.2,SG
Devin Vassell,3500.0,12.69,0.7464705882352941,SAS,17.0,2.0,4.9,.406,0.8,2.4,.347,1.1,2.5,.464,.492,0.7,0.8,.843,0.4,2.4,2.8,0.9,0.7,0.3,0.4,1.4,5.5,SF
Raul Neto,3400.0,16.31,0.7447488584474886,WAS,21.9,3.3,7.0,.468,1.0,2.6,.390,2.3,4.4,.512,.539,1.2,1.3,.882,0.4,2.0,2.4,2.3,1.1,0.1,0.8,1.7,8.7,PG
Jaylen Hoard,3400.0,12.89,0.7672619047619048,OKC,16.8,2.3,4.6,.500,0.0,0.6,.000,2.3,4.1,.571,.500,1.5,2.2,.683,1.1,2.3,3.4,1.3,0.7,0.3,0.9,1.0,6.1,SF
Gorgui Dieng,3400.0,16.94,1.1682758620689655,TOT,14.5,2.2,4.3,.521,0.8,1.8,.429,1.4,2.4,.591,.613,1.5,1.8,.866,1.1,2.6,3.7,1.3,0.7,0.4,0.8,1.5,6.8,C
Aaron Holiday,3400.0,12.92,0.7258426966292134,IND,17.8,2.6,6.6,.390,1.0,2.8,.368,1.6,3.8,.406,.467,1.0,1.3,.819,0.2,1.1,1.3,1.9,0.7,0.2,1.0,1.4,7.2,PG
Thanasis Antetokounmpo,3400.0,8.88,0.9154639175257734,MIL,9.7,1.2,2.4,.489,0.1,0.5,.241,1.1,1.9,.556,.515,0.4,0.9,.510,0.9,1.2,2.2,0.8,0.4,0.2,0.8,1.3,2.9,SF
Jevon Carter,3400.0,9.06,0.755,PHO,12.0,1.6,3.7,.422,0.9,2.5,.371,0.6,1.2,.528,.547,0.1,0.1,.571,0.3,1.3,1.5,1.2,0.5,0.2,0.3,0.9,4.1,PG
Alex Len,3300.0,15.07,0.9849673202614379,TOT,15.3,2.7,4.3,.615,0.1,0.4,.320,2.5,4.0,.644,.629,1.1,1.8,.629,1.2,2.8,4.1,0.8,0.3,1.0,0.9,2.0,6.6,C
Patty Mills,3300.0,20.12,0.8112903225806452,SAS,24.8,3.7,9.0,.412,2.4,6.3,.375,1.3,2.7,.500,.544,1.0,1.1,.910,0.3,1.4,1.7,2.4,0.6,0.0,1.0,1.2,10.8,PG
Edmond Sumner,3300.0,11.04,0.6814814814814815,IND,16.2,2.8,5.3,.525,0.7,1.7,.398,2.1,3.7,.582,.587,1.3,1.6,.819,0.3,1.4,1.8,0.9,0.6,0.2,1.0,1.7,7.5,SG
Jeff Teague,3300.0,14.02,0.8104046242774566,TOT,17.3,2.2,5.2,.433,0.7,1.5,.439,1.6,3.7,.431,.496,1.6,1.9,.848,0.3,1.3,1.6,2.4,0.6,0.2,1.2,1.0,6.7,PG
Isaac Bonga,3200.0,6.01,0.5564814814814815,WAS,10.8,0.8,2.0,.370,0.3,1.2,.277,0.4,0.9,.500,.451,0.1,0.2,.625,0.5,1.2,1.7,0.6,0.3,0.2,0.6,1.6,2.0,SF
Andre Iguodala,3200.0,15.17,0.712206572769953,MIA,21.3,1.5,3.9,.383,1.0,2.9,.330,0.6,1.0,.530,.504,0.4,0.6,.658,0.6,2.9,3.5,2.3,0.9,0.6,1.1,1.4,4.4,SF
D.J. Wilson,3200.0,10.02,0.8080645161290322,TOT,12.4,1.9,4.8,.405,0.9,2.5,.345,1.1,2.3,.469,.494,0.5,0.7,.680,0.6,2.6,3.2,0.7,0.3,0.5,0.6,1.3,5.2,PF
Precious Achiuwa,3200.0,11.5,0.9504132231404959,MIA,12.1,2.0,3.7,.544,0.0,0.0,.000,2.0,3.7,.546,.544,0.9,1.8,.509,1.2,2.2,3.4,0.5,0.3,0.5,0.7,1.5,5.0,PF
Gabriel Deck,3100.0,0.0,0.0,OKC,21.2,3.2,6.7,.478,0.2,1.5,.133,3.0,5.2,.577,.493,1.8,2.2,.818,1.6,2.4,4.0,2.4,0.8,0.0,0.6,0.9,8.4,PF
Cassius Stanley,3100.0,2.1,0.5384615384615385,IND,3.9,0.5,1.8,.302,0.1,0.5,.231,0.4,1.3,.333,.337,0.3,0.4,.778,0.3,0.5,0.8,0.0,0.0,0.1,0.0,0.6,1.5,SG
P.J. Tucker,3100.0,14.14,0.5417624521072797,TOT,26.1,1.3,3.4,.373,0.8,2.3,.336,0.5,1.1,.448,.486,0.4,0.5,.750,1.0,2.9,3.9,1.2,0.8,0.4,0.8,2.4,3.7,PF
Torrey Craig,3100.0,11.66,0.724223602484472,TOT,16.1,2.2,4.5,.480,0.8,2.1,.368,1.4,2.4,.579,.566,0.3,0.4,.773,1.1,2.8,3.9,1.0,0.6,0.5,0.5,1.7,5.5,SF
Dario Saric,3100.0,17.84,1.0252873563218392,PHO,17.4,3.1,6.8,.447,0.9,2.7,.348,2.1,4.1,.512,.516,1.7,2.0,.848,0.9,2.9,3.8,1.3,0.6,0.1,1.1,1.9,8.7,C
Darius Miller,3000.0,9.72,0.8917431192660551,OKC,10.9,1.2,2.7,.458,0.9,2.3,.405,0.3,0.3,.833,.635,0.7,0.7,1.000,0.1,1.2,1.3,1.2,0.7,0.3,0.4,0.7,4.1,SF
Mike Muscala,3000.0,17.36,0.9434782608695652,OKC,18.4,3.4,7.6,.446,1.9,5.3,.370,1.5,2.4,.614,.573,0.9,1.0,.917,0.5,3.2,3.8,0.8,0.2,0.3,0.6,1.5,9.7,C
Anthony Gill,3000.0,3.93,0.46785714285714286,WAS,8.4,1.2,2.3,.500,0.3,0.9,.292,0.9,1.4,.639,.558,0.5,0.6,.813,0.6,1.3,2.0,0.4,0.4,0.2,0.3,1.0,3.1,PF
Jordan Bell,3000.0,13.94,1.0175182481751825,TOT,13.7,1.2,3.7,.318,0.0,0.3,.000,1.2,3.3,.350,.318,0.2,0.3,.500,1.2,2.8,4.0,1.2,0.5,0.8,0.7,1.2,2.5,C
Chandler Hutchison,3000.0,9.06,0.6565217391304348,TOT,13.8,1.6,4.1,.379,0.3,0.9,.364,1.2,3.2,.383,.417,0.8,1.0,.840,0.2,2.9,3.1,0.7,0.5,0.2,0.8,1.3,4.3,SF
Garrison Mathews,3000.0,10.38,0.6407407407407408,WAS,16.2,1.5,3.7,.409,1.2,3.1,.384,0.3,0.6,.538,.570,1.3,1.5,.884,0.3,1.1,1.4,0.4,0.5,0.1,0.2,1.7,5.5,SG
Justin Robinson,3000.0,7.67,0.7826530612244897,OKC,9.8,0.8,2.3,.333,0.4,1.6,.286,0.3,0.8,.429,.429,0.3,0.6,.600,0.1,0.7,0.8,1.0,0.3,0.0,0.2,1.1,2.3,PG
Cassius Winston,3000.0,4.45,0.9888888888888889,WAS,4.5,0.6,1.5,.424,0.4,0.8,.471,0.3,0.7,.375,.545,0.2,0.3,.833,0.0,0.4,0.4,0.5,0.1,0.0,0.2,0.4,1.9,PG
Josh Hall,3000.0,6.57,0.410625,OKC,16.0,1.4,4.7,.303,0.2,1.8,.108,1.2,3.0,.419,.323,1.0,2.1,.500,0.3,2.5,2.8,1.3,0.2,0.0,1.2,1.8,4.1,SF
Nemanja Bjelica,3000.0,13.63,0.846583850931677,TOT,16.1,2.4,5.3,.454,0.7,2.3,.318,1.7,3.0,.559,.523,1.0,1.4,.725,0.8,2.6,3.4,1.9,0.4,0.1,0.9,1.8,6.5,PF
Dewayne Dedmon,3000.0,18.88,1.4412213740458015,MIA,13.1,2.9,4.1,.708,0.1,0.3,.200,2.8,3.8,.750,.715,1.3,1.7,.741,1.8,3.6,5.4,0.8,0.6,0.4,0.8,2.3,7.1,C
David Nwaba,3000.0,19.12,0.8460176991150442,HOU,22.6,3.5,7.3,.486,0.6,2.1,.270,3.0,5.2,.574,.525,1.6,2.3,.691,1.3,2.6,3.9,1.0,1.0,0.7,0.6,2.0,9.2,SF
Dante Exum,3000.0,12.21,0.6326424870466322,CLE,19.3,1.7,4.3,.385,0.3,1.8,.182,1.3,2.5,.533,.423,0.2,0.3,.500,0.3,2.5,2.8,2.2,0.7,0.3,1.2,1.5,3.8,SG
Gabe Vincent,3000.0,9.67,0.7381679389312977,MIA,13.1,1.8,4.7,.378,0.9,3.0,.309,0.8,1.7,.500,.476,0.4,0.5,.870,0.2,0.9,1.1,1.3,0.4,0.0,0.7,1.6,4.8,PG
DaQuan Jeffries,3000.0,6.99,0.439622641509434,TOT,15.9,1.6,3.9,.417,0.6,2.2,.299,1.0,1.7,.566,.500,0.2,0.3,.875,0.6,1.7,2.3,0.7,0.5,0.3,0.5,1.5,4.1,SG
Max Strus,3000.0,8.97,0.6900000000000001,MIA,13.0,2.2,4.8,.455,1.3,3.8,.338,0.9,1.0,.897,.588,0.4,0.6,.667,0.1,0.9,1.1,0.6,0.3,0.1,0.2,1.1,6.1,SF
Anthony Lamb,3000.0,6.07,0.3508670520231214,HOU,17.3,1.9,4.9,.390,1.0,3.0,.324,1.0,2.0,.489,.487,0.8,0.9,.857,1.1,1.8,2.9,1.0,0.3,0.2,0.8,1.4,5.5,SF
KZ Okpala,3000.0,6.39,0.528099173553719,MIA,12.1,1.0,2.6,.375,0.3,1.4,.240,0.6,1.2,.522,.438,0.2,0.4,.533,0.6,1.3,1.8,0.5,0.3,0.3,0.4,1.6,2.5,PF
Jakarr Sampson,3000.0,6.88,0.6311926605504586,IND,10.9,1.9,3.9,.496,0.1,0.5,.200,1.8,3.4,.541,.509,0.7,1.0,.655,0.9,1.7,2.7,0.1,0.1,0.5,0.5,1.8,4.6,PF
T.J. Warren,3000.0,22.25,0.7593856655290102,IND,29.3,6.8,12.8,.529,0.0,1.8,.000,6.8,11.0,.614,.529,2.0,2.5,.800,0.5,3.0,3.5,1.3,0.5,0.0,1.0,4.0,15.5,SF
Cameron Reynolds,3000.0,0.67,0.08375,TOT,8.0,1.2,3.6,.333,0.6,2.4,.250,0.6,1.2,.500,.417,0.0,0.0,0,0.4,0.6,1.0,0.4,0.0,0.0,0.0,0.4,3.0,SF
Kelan Martin,3000.0,4.13,0.4489130434782609,IND,9.2,1.8,3.9,.449,0.7,1.7,.400,1.1,2.2,.487,.536,0.3,0.3,.900,0.5,1.7,2.2,0.5,0.3,0.3,0.5,1.0,4.5,SF
Keita Bates-Diop,3000.0,5.35,0.6524390243902439,SAS,8.2,1.0,2.2,.448,0.2,0.6,.294,0.8,1.7,.500,.485,0.5,0.7,.667,0.3,1.3,1.6,0.4,0.4,0.2,0.2,0.4,2.6,SF
Trey Lyles,3000.0,11.44,0.7333333333333333,SAS,15.6,1.9,3.9,.478,0.6,1.7,.350,1.3,2.2,.580,.556,0.7,1.0,.652,0.4,3.3,3.7,0.6,0.3,0.0,0.3,0.6,5.0,PF
Quinndary Weatherspoon,3000.0,2.72,0.44590163934426236,SAS,6.1,0.8,1.8,.457,0.1,0.3,.167,0.8,1.5,.517,.471,0.7,0.8,.813,0.2,0.4,0.6,0.4,0.4,0.1,0.5,0.9,2.3,SG
Brian Bowen II,3000.0,1.1,0.44000000000000006,IND,2.5,0.2,0.7,.250,0.0,0.2,.000,0.2,0.5,.333,.250,0.2,0.2,1.000,0.0,0.5,0.5,0.0,0.0,0.0,0.0,0.2,0.5,SF
Oshae Brissett,3000.0,4.8,0.19433198380566802,IND,24.7,3.5,7.2,.483,1.6,3.7,.423,1.9,3.5,.548,.593,2.4,3.1,.769,1.4,4.1,5.5,0.9,0.9,1.0,0.5,1.5,10.9,SF
Tre Jones,3000.0,3.42,0.4684931506849315,SAS,7.3,1.0,2.1,.474,0.1,0.1,.600,0.9,2.0,.466,.494,0.5,0.5,.895,0.2,0.4,0.6,1.1,0.2,0.0,0.4,0.4,2.5,PG
Luka Samanic,3000.0,7.9,0.8494623655913979,SAS,9.3,1.4,3.2,.448,0.4,1.3,.279,1.1,1.9,.565,.505,0.5,0.9,.552,0.5,1.6,2.1,0.5,0.2,0.2,0.6,1.3,3.7,PF
E'Twaun Moore,3000.0,9.92,0.6888888888888889,PHO,14.4,2.0,4.5,.455,0.4,1.3,.314,1.6,3.2,.512,.500,0.4,0.5,.857,0.5,1.1,1.7,1.5,0.6,0.2,0.9,1.2,4.9,SG
Langston Galloway,3000.0,7.8,0.7090909090909091,PHO,11.0,1.7,3.7,.449,0.9,2.1,.424,0.8,1.6,.484,.571,0.6,0.6,.957,0.2,0.9,1.1,0.7,0.2,0.0,0.3,0.6,4.8,SG
Frank Kaminsky,3000.0,14.65,0.9638157894736843,PHO,15.2,2.6,5.5,.471,0.7,1.8,.365,1.9,3.7,.523,.531,0.8,1.3,.617,0.8,3.2,4.0,1.7,0.3,0.4,0.5,1.5,6.6,C
Abdel Nader,3000.0,12.65,0.8547297297297297,PHO,14.8,2.4,4.8,.491,0.8,1.8,.419,1.6,3.0,.534,.569,1.2,1.5,.757,0.3,2.3,2.6,0.8,0.4,0.4,0.8,1.4,6.7,SF
Axel Toupane,3000.0,4.75,0.625,MIL,7.6,0.5,1.4,.364,0.1,0.3,.500,0.4,1.1,.333,.409,0.6,0.9,.714,0.0,0.8,0.8,0.5,0.3,0.4,0.0,0.8,1.8,SF
Mamadi Diakite,3000.0,7.48,0.7405940594059407,MIL,10.1,1.1,2.9,.400,0.1,0.6,.125,1.1,2.3,.469,.413,0.8,1.0,.786,0.6,1.9,2.4,0.6,0.5,0.4,0.2,1.1,3.1,PF
Sam Merrill,3000.0,6.17,0.791025641025641,MIL,7.8,1.1,2.4,.444,0.7,1.6,.447,0.4,0.8,.440,.590,0.1,0.1,1.000,0.2,0.8,1.0,0.7,0.3,0.0,0.3,0.6,3.0,SG
Ty-Shon Alexander,3000.0,1.75,0.564516129032258,PHO,3.1,0.2,0.8,.250,0.1,0.6,.222,0.1,0.2,.333,.333,0.1,0.1,.500,0.1,0.5,0.7,0.4,0.0,0.1,0.2,0.1,0.6,SG
Jalen Smith,3000.0,2.81,0.4844827586206897,PHO,5.8,0.8,1.9,.440,0.1,0.6,.235,0.7,1.2,.545,.480,0.2,0.3,.714,0.3,1.1,1.4,0.1,0.0,0.2,0.3,0.6,2.0,PF
